mode,scope,case,query,clients,runs,mean_ms,p95_ms,requests_per_second,backend_cpu_ms
baseline,ALL,game,count,1,20,74.172,80.914,13.482,1440
baseline,ALL,game,page,1,20,127.382,137.536,7.850,2510
normalized,ALL,game,count,1,20,336.119,355.332,2.975,6670
normalized,ALL,game,page,1,20,369.934,420.600,2.703,7350
normalized,ALL,rare,count,1,20,336.278,350.704,2.974,6670
normalized,ALL,rare,page,1,20,338.966,353.249,2.950,6740
baseline,ALL,rare,count,1,20,76.536,81.639,13.066,1490
baseline,ALL,rare,page,1,20,74.913,78.497,13.349,1470
baseline,ALL,absentzz,count,1,20,73.802,78.802,13.550,1440
baseline,ALL,absentzz,page,1,20,72.600,79.515,13.774,1410
normalized,ALL,absentzz,count,1,20,332.449,345.113,3.008,6620
normalized,ALL,absentzz,page,1,20,334.858,345.351,2.986,6650
normalized,ALL,empty,count,1,20,8.864,11.087,112.821,160
normalized,ALL,empty,page,1,20,61.349,68.438,16.300,1200
baseline,ALL,empty,count,1,20,9.757,12.056,102.492,170
baseline,ALL,empty,page,1,20,61.522,67.725,16.254,1200
baseline,MY,game,count,1,20,77.207,84.825,12.952,1510
baseline,MY,game,page,1,20,91.047,97.116,10.983,1790
normalized,MY,game,count,1,20,344.009,352.804,2.907,6840
normalized,MY,game,page,1,20,359.482,387.219,2.782,7160
normalized,MY,rare,count,1,20,332.718,344.547,3.006,6620
normalized,MY,rare,page,1,20,330.433,344.516,3.026,6570
baseline,MY,rare,count,1,20,73.887,78.307,13.534,1450
baseline,MY,rare,page,1,20,73.430,82.929,13.618,1440
baseline,MY,absentzz,count,1,20,62.522,78.850,15.994,1230
baseline,MY,absentzz,page,1,20,71.737,78.064,13.940,1420
normalized,MY,absentzz,count,1,20,335.298,343.332,2.982,6670
normalized,MY,absentzz,page,1,20,327.855,343.210,3.050,6520
normalized,MY,empty,count,1,20,7.828,9.115,127.750,140
normalized,MY,empty,page,1,20,25.550,27.724,39.139,470
baseline,MY,empty,count,1,20,16.693,19.054,59.906,300
baseline,MY,empty,page,1,20,26.803,29.801,37.309,500
baseline,ALL,game,normalize+count+page,4,40,200.909,229.763,19.622,7900
baseline,MY,game,normalize+count+page,4,40,170.472,183.173,23.334,6710
normalized,ALL,game,normalize+count+page,4,40,803.043,871.058,4.950,31980
normalized,MY,game,normalize+count+page,4,40,740.438,792.887,5.362,29460
